{"Car": [1.5260834319115253, 1.6285898684850986, 3.8839544916846327], "Van": [2.206592312971872, 1.9020796156485928, 5.07836650652027], "Truck": [3.2517093235831642, 2.5850914076782607, 10.109076782449765], "Person": [1.76070648540229, 0.6601894361488851, 0.8422843770893698], "Person_sitting": [1.2749549549549548, 0.5949099099099102, 0.8020270270270266], "Cyclist": [1.7372034419176354, 0.5967732022126625, 1.7635464044253206], "Tram": [3.528923679060673, 2.543737769080232, 16.094266144814046], "Misc": [1.9071325796505674, 1.5138335046248714, 3.575590955806785]}